{"cameraMode":{"drawMode":0,"name":"Shaded","section":"Shading Mode"},"sceneLighting":true,"audioPlay":false,"sceneViewState":{"m_AlwaysRefresh":false,"showFog":true,"showSkybox":true,"showFlares":true,"showImageEffects":true,"showParticleSystems":true,"showVisualEffectGraphs":true,"m_FxEnabled":true},"in2DMode":false,"pivot":{"x":96.28987884521485,"y":1.0420000553131104,"z":58.150001525878909},"rotation":{"x":-0.25900349020957949,"y":0.12618191540241242,"z":-0.03415466845035553,"w":-0.9570019245147705},"size":2.370227336883545,"orthographic":false}