{"cameraMode":{"drawMode":0,"name":"Shaded","section":"Shading Mode"},"sceneLighting":true,"audioPlay":false,"sceneViewState":{"m_AlwaysRefresh":false,"showFog":true,"showSkybox":true,"showFlares":true,"showImageEffects":true,"showParticleSystems":true,"showVisualEffectGraphs":true,"m_FxEnabled":true},"in2DMode":false,"pivot":{"x":99.67074584960938,"y":0.022137103602290155,"z":99.98896026611328},"rotation":{"x":0.0612693689763546,"y":-0.24884596467018128,"z":0.015774203464388849,"w":0.9664786458015442},"size":2.370227098464966,"orthographic":false}