{"cameraMode":{"drawMode":0,"name":"Shaded","section":"Shading Mode"},"sceneLighting":true,"audioPlay":false,"sceneViewState":{"m_AlwaysRefresh":false,"showFog":true,"showSkybox":true,"showFlares":true,"showImageEffects":true,"showParticleSystems":true,"showVisualEffectGraphs":true,"m_FxEnabled":true},"in2DMode":false,"pivot":{"x":81.83583068847656,"y":-1.036493182182312,"z":109.71980285644531},"rotation":{"x":-0.24031460285186768,"y":0.19411757588386537,"z":-0.04911813512444496,"w":-0.9498269557952881},"size":12.546390533447266,"orthographic":false}