{"cameraMode":{"drawMode":0,"name":"Shaded","section":"Shading Mode"},"sceneLighting":true,"audioPlay":false,"sceneViewState":{"m_AlwaysRefresh":false,"showFog":true,"showSkybox":true,"showFlares":true,"showImageEffects":true,"showParticleSystems":true,"showVisualEffectGraphs":true,"m_FxEnabled":true},"in2DMode":false,"pivot":{"x":-7.166051864624023,"y":-29.217079162597658,"z":-2.529231071472168},"rotation":{"x":0.1849331259727478,"y":-0.055986735969781879,"z":0.010552984662353993,"w":0.9811018109321594},"size":3.4080026149749758,"orthographic":false}