{"cameraMode":{"drawMode":0,"name":"Shaded","section":"Shading Mode"},"sceneLighting":false,"audioPlay":false,"sceneViewState":{"m_AlwaysRefresh":false,"showFog":true,"showSkybox":false,"showFlares":true,"showImageEffects":true,"showParticleSystems":true,"showVisualEffectGraphs":true,"m_FxEnabled":true},"in2DMode":false,"pivot":{"x":-0.5061797499656677,"y":-0.9252387285232544,"z":-3.1223621368408205},"rotation":{"x":-0.06430566310882569,"y":0.9165858626365662,"z":-0.16424615681171418,"w":-0.3588893413543701},"size":10.257981300354004,"orthographic":false}